2018-08-27 01:25 ~ angelabc0251 ~ 5814071529,
2018-08-27 01:27 ~ kchaouachi2 ~ 8034667040,
2018-08-27 01:35 ~ captain_ink_ ~ 288510728,
2018-08-27 01:39 ~ manny.roy ~ 5921183458,
2018-08-27 01:41 ~ matutemp ~ 1941066810,
2018-08-27 01:45 ~ santino2861 ~ 8367436652,
2018-08-27 01:56 ~ topota_34 ~ 4869900131,
2018-08-27 01:59 ~ paulo.c.teixeira ~ 1575843607,
2018-08-27 02:03 ~ corinna.78 ~ 1575843607,
2018-08-27 02:11 ~ carlaa_bermudez ~ 4348931375,
2018-08-27 02:21 ~ _carlosx88_ ~ 5988252530,
2018-08-27 02:21 ~ corin151 ~ 1486221103,
2018-08-27 02:25 ~ salientmusic8 ~ 5641934246,
2018-08-27 02:25 ~ cyr_13 ~ 1470213511,
2018-08-27 02:26 ~ mbc_hunta ~ 6642568842,
2018-08-27 02:26 ~ melvinoostdam94 ~ 2875987163,
2018-08-27 02:27 ~ yogy_sahputrha69 ~ 8137198641,
2018-08-27 02:33 ~ mikacci_254 ~ 7504953532,
2018-08-27 02:34 ~ marco_schoettle ~ 2949352343,
2018-08-27 02:38 ~ johanludvigrask ~ 1736475645,
2018-08-27 14:42 ~ lore_sophi_miche_ ~ 1349123036,
2018-08-27 14:46 ~ alteazanetta ~ 1172578173,
2018-08-27 14:54 ~ hanimaru222 ~ 278382722,
2018-08-27 14:55 ~ ess.diamond ~ 7965099635,
2018-08-27 14:56 ~ lafeeportugal ~ 1556679846,
2018-08-27 14:57 ~ vinimendes_ ~ 18798484,
2018-08-27 15:00 ~ karinenobre_ ~ 273862393,
2018-08-27 15:04 ~ freemodelhousing ~ 3130171040,
2018-08-27 15:06 ~ pesilat.mudaa201 ~ 8372604741,
2018-08-27 15:07 ~ martinxlemeska ~ 6124748967,
2018-08-27 15:07 ~ alkash1818 ~ 7232256736,
2018-08-27 15:30 ~ maggietiroljickain ~ 1405341,
2018-08-27 15:32 ~ m88888888_s ~ 6795286891,
2018-08-27 15:37 ~ ftitawan ~ 5836282,
2018-08-27 15:49 ~ serezha.svetlichnyj ~ 6316073085,
2018-08-27 15:49 ~ nour.dean ~ 1651821532,
2018-08-27 15:52 ~ saad_92_elqa ~ 6164880126,
2018-08-27 15:52 ~ x.janni ~ 1455679435,
2018-08-27 15:53 ~ mac_bydlak ~ 48226481,
2018-08-27 15:54 ~ briax_10 ~ 5718711499,
2018-08-27 15:56 ~ black_memories_offiziell ~ 3996925516,
2018-08-27 15:58 ~ purpleroommag ~ 7380907898,
2018-08-27 15:59 ~ paul.hmr ~ 6608791455,
2018-08-27 15:59 ~ simoneremelli ~ 997430842,
2018-08-27 17:08 ~ mdzofficial ~ 1214119098,
2018-08-27 17:09 ~ marissa_mascia ~ 1417217304,
2018-08-27 17:23 ~ harryyyy88 ~ 4347528394,
2018-08-27 17:25 ~ mr_thind123 ~ 3237705432,
2018-08-27 17:27 ~ _dashveeranand ~ 802291825,
2018-08-27 17:27 ~ dystopien ~ 5539812038,
2018-08-27 17:29 ~ arthur_lefbvr ~ 7888333629,
2018-08-27 17:31 ~ thiago_dantasto ~ 1552379156,
2018-08-27 17:36 ~ itsallaboutsasha ~ 27960675,
2018-08-27 17:39 ~ ashraf6361 ~ 2215122428,
2018-08-27 17:53 ~ focus_otica ~ 5880026756,
2018-08-27 17:57 ~ luudvigg ~ 2342374089,
2018-08-27 17:58 ~ omer_bislimi05 ~ 6337770674,
2018-08-27 17:59 ~ modals_of__india ~ 8424540743,
2018-08-27 18:00 ~ poornimatripathi5370 ~ 8077409368,
2018-08-27 18:05 ~ laurapicktell93 ~ 6658711325,
2018-08-27 19:03 ~ plume_et_pompon_corte ~ 2292192703,
2018-08-27 19:04 ~ jerry_ulrich ~ 5795765503,
2018-08-27 19:08 ~ jessica_psilva ~ 191175020,
2018-08-27 19:09 ~ luisajazbik ~ 1475077501,
2018-08-27 19:13 ~ pamedelpuerto ~ 27595671,
2018-08-27 19:16 ~ rodrigosouzalima ~ 5391219127,
2018-08-27 19:24 ~ arleyramirez ~ 313011758,
2018-08-28 01:37 ~ sanluzzi ~ 1364719865,
2018-08-28 01:46 ~ mpiva_oficial ~ 644472268,
2018-08-28 01:47 ~ iambigka ~ 1958551343,
2018-08-28 01:52 ~ zeda_zzzz ~ 5636772435,
2018-08-28 01:52 ~ ot_basketball ~ 8427936269,
2018-08-28 01:53 ~ j0yce_7 ~ 3155606588,
2018-08-28 01:54 ~ __kamil__k__ ~ 2234959876,
2018-08-28 01:55 ~ aristotle_hebert ~ 8002062964,
2018-08-28 01:55 ~ andreeajoy18 ~ 3496022885,
2018-08-28 01:57 ~ karolinaminor ~ 2901904902,
2018-08-28 01:59 ~ fabiohimself88 ~ 2160820677,
2018-08-28 01:59 ~ rillmotherfuckash13 ~ 7299345862,
2018-08-28 02:02 ~ kingboyeldelghetto ~ 2231338491,
2018-08-29 01:02 ~ kxng_em_phire ~ 5888922807,
2018-08-29 02:09 ~ lil4oreign ~ 1235821142,
2018-08-29 02:10 ~ rachel_xiaxinyi ~ 5948208193,
2018-08-29 02:12 ~ adamobrienphoto ~ 1510779956,
2018-08-29 02:13 ~ alric_vdp ~ 4967345748,
2018-08-29 02:15 ~ keeexxu ~ 7632116324,
2018-08-29 02:15 ~ prod.ethanmadeit ~ 5885498374,
2018-08-29 02:16 ~ jaedog0404 ~ 382867379,
2018-08-29 02:17 ~ sylvy__b ~ 1294848923,
2018-08-29 02:19 ~ warte_acab_69 ~ 6742685305,
2018-08-29 02:19 ~ mel_indaaaaa ~ 2365505108,
2018-08-29 02:20 ~ nicol_agustina_amc ~ 2135252611,
2018-08-29 02:21 ~ mertkanbayram ~ 4699907739,
2018-08-30 01:43 ~ denizdornellas ~ 253188081,
2018-08-30 01:44 ~ robertocertain ~ 49576164,
2018-08-30 01:48 ~ mention_kuci ~ 1443847273,
2018-08-30 01:57 ~ g_vladov ~ 324930624,
2018-08-30 01:59 ~ muh_frn10 ~ 4258636493,
2018-08-30 02:00 ~ tales_gang ~ 7184462727,
2018-08-30 13:07 ~ andre_sparrow ~ 1461807280,
2018-08-30 13:08 ~ bo_1989 ~ 3592016181,
2018-08-30 13:18 ~ yazeed_mohaamad ~ 3571765418,
2018-08-30 13:20 ~ frazer8587 ~ 4612909870,
2018-08-30 13:20 ~ hey_moba ~ 21206158,
2018-08-30 13:21 ~ wanalara ~ 777384188,
2018-08-30 13:23 ~ sandyhandiniar ~ 211492978,
2018-08-30 13:25 ~ iamluminous360 ~ 5889303366,
2018-08-30 13:26 ~ theprateekbakshi ~ 3576845459,
2018-08-30 13:28 ~ s1mxn_m ~ 5541806129,
2018-08-30 13:30 ~ em.nz ~ 20789939,
2018-08-30 13:30 ~ alexnightsofficial ~ 42616464,
2018-08-30 13:33 ~ saad_zinne ~ 6272908481,
2018-08-30 13:36 ~ roxanne.pepin ~ 49545169,
2018-08-30 13:47 ~ palomagagz ~ 8230781517,
2018-08-30 13:51 ~ sytseng01 ~ 8509013091,
2018-08-30 13:57 ~ ijay_phlvi ~ 3652724210,
2018-08-30 13:58 ~ young_rusov_cj ~ 8340371133,
2018-08-30 14:00 ~ nickky_phiapheng ~ 2326151612,
2018-08-30 14:01 ~ imneiluj ~ 533459344,
2018-08-30 14:02 ~ yatkrinwu ~ 181254872,
2018-08-30 14:04 ~ kj581541 ~ 5894873556,
2018-08-30 14:06 ~ benprinzler ~ 6257867936,
2018-08-30 14:08 ~ thenus_ ~ 288940701,
2018-08-30 14:09 ~ b.h.a.r.g.a.v.p.a.t.e.l ~ 1720182957,
2018-08-30 14:09 ~ mirkomontaruli ~ 366771004,
2018-08-30 14:09 ~ xox.tinika.xox ~ 3598519210,
2018-08-30 14:12 ~ kingemanuele ~ 8294189611,
2018-08-30 14:13 ~ doelarue ~ 8137117675,
2018-08-30 14:16 ~ ammar.mvc ~ 452535811,
2018-08-30 14:16 ~ andrebarbero ~ 543146,
2018-08-30 14:17 ~ a_m_j_o_h_n ~ 3590476019,
2018-08-30 14:20 ~ cami_selmi ~ 2120529249,
2018-08-30 14:22 ~ _hey_kayla_ ~ 1457610857,
2018-08-30 14:25 ~ shirinusya ~ 6897175655,
2018-08-30 14:30 ~ dotze_t.b.gang ~ 6066073230,
2018-08-30 14:31 ~ alaa.ayesh.792 ~ 8430354256,
2018-08-30 14:33 ~ gooddaylady_numb ~ 300440824,
2018-08-30 14:33 ~ _its_a.s.h.u ~ 5601050954,
2018-08-30 14:34 ~ heilisss ~ 3866659422,
2018-08-30 14:37 ~ tequilagta ~ 4088222253,
2018-08-30 14:38 ~ re3elh ~ 4871719124,
2018-08-30 14:38 ~ arwa.fx400 ~ 7964944490,
2018-08-30 14:44 ~ shewantscarlos ~ 327419123,
2018-08-30 14:44 ~ matteo_vizzone__ ~ 3658604568,
2018-08-30 14:47 ~ hypereme5 ~ 8510640045,
2018-08-30 14:47 ~ kidryasov ~ 6808325822,
2018-08-30 14:48 ~ nazar55_ ~ 5895875513,
2018-08-30 14:48 ~ _.i.leeya._ ~ 2320628615,
2018-08-30 14:50 ~ uebguapo ~ 2954804722,
2018-08-30 14:51 ~ jamesm2002 ~ 1509160096,
2018-08-30 14:53 ~ nadiahasyanah13 ~ 5521594450,
2018-08-30 14:53 ~ j__ssica ~ 20912171,
2018-08-30 14:57 ~ nourhene_bahri________________ ~ 8376633983,
2018-08-30 14:58 ~ pooonieee ~ 235078787,
2018-08-30 14:59 ~ _nastyabibik ~ 1991091986,
2018-08-30 15:00 ~ ivan18254 ~ 7133750828,
2018-08-30 15:01 ~ martinbluecompany ~ 5669281659,
2018-09-02 03:35 ~ javielartista31 ~ 7946292315,
2018-09-02 17:52 ~ jakob_070 ~ 1823264811,
2018-09-02 17:53 ~ yungyen ~ 6200271921,
2018-09-02 17:53 ~ jirefey ~ 6342911568,
2018-09-02 17:56 ~ king_olafundz ~ 3684012263,
2018-09-02 17:57 ~ david.vogel ~ 1699644246,
2018-09-02 17:57 ~ ekeataj ~ 5811935738,
2018-09-02 18:00 ~ _bertramw ~ 2030252920,
2018-09-02 18:04 ~ camillacappellini ~ 358783860,
2018-09-02 18:04 ~ kingkeasian ~ 1466291053,
2018-09-02 18:04 ~ fiasko ~ 3510383069,
2018-09-02 18:15 ~ tasfia__afreen ~ 7515208244,
2018-09-02 18:17 ~ slashmramg ~ 1716381585,
2018-09-02 18:20 ~ x___blade__ ~ 4477805129,
2018-09-02 18:20 ~ robiiiiiiiiiiiiiiin ~ 4726236584,
2018-09-02 18:21 ~ atakayaaaa ~ 4073935275,
2018-09-02 18:23 ~ alexoxusanto_ ~ 5792066572,
2018-09-02 18:24 ~ yassine_ofk ~ 1707966453,
2018-09-02 18:25 ~ ah02_____ ~ 6976435713,
2018-09-02 18:25 ~ disco_diller ~ 7111016595,
2018-09-02 18:28 ~ r_rabazan_a ~ 4361645434,
2018-09-02 18:29 ~ _koliqi_ ~ 5493317518,
2018-09-02 18:31 ~ andrew_patcharanu ~ 6041919495,
2018-09-02 18:33 ~ 03ssua ~ 2074104812,
2018-09-02 21:23 ~ michael_ainga ~ 3675178284,
2018-09-02 21:26 ~ hypebeast_kenbu ~ 5783572198,
2018-09-02 21:28 ~ christian_1125_ ~ 1323225108,
2018-09-02 21:31 ~ __tendo77__ ~ 2319107105,
2018-09-02 21:37 ~ itzellymarlen ~ 7270521786,
2018-09-02 21:39 ~ p_a_r_i_n_jojoe ~ 4069298138,
2018-09-02 21:40 ~ sebastianyatrabrasil_ ~ 4243595956,
2018-09-02 21:41 ~ henri._.p ~ 5412136601,
2018-09-02 21:42 ~ gemmy__05 ~ 6984887770,
2018-09-02 21:43 ~ michaelvandamme_ ~ 1519693234,
2018-09-02 21:44 ~ angel_ggp ~ 583383401,
2018-09-02 21:49 ~ chloeakissner ~ 1773818824,
2018-09-02 21:50 ~ baniai_la ~ 8078676300,
2018-09-02 21:51 ~ _marcobelardinelli_ ~ 5754043164,
2018-09-02 21:52 ~ sacchididenaro ~ 387477153,
2018-09-02 21:52 ~ mattiapascalband ~ 5693018171,
2018-09-02 22:10 ~ moritz.hartmann14 ~ 7577749815,
2018-09-02 22:13 ~ otticacapuano ~ 243298252,
2018-09-02 22:13 ~ johnny_newtown1 ~ 3194207391,
2018-09-02 22:15 ~ halympian ~ 6891098343,
2018-09-02 22:15 ~ orkuntoklucu ~ 840104024,
2018-09-02 22:18 ~ j.u.l.i.a.n.c.a.b.r.e.r.a ~ 5647461557,
2018-09-02 22:19 ~ rbxtoriaa ~ 4275024054,
2018-09-02 22:22 ~ modop_haiti ~ 3107253952,
2018-09-02 22:25 ~ armuphiking ~ 3704305124,
2018-09-02 22:25 ~ anka_ept ~ 1496787069,
2018-09-02 22:27 ~ ste.mauri ~ 3300389701,
2018-09-02 22:28 ~ isadoraemerr ~ 1615825171,
2018-09-02 22:29 ~ n_u_m_a_a_n____shaikh ~ 5764444070,
2018-09-02 22:30 ~ nico_nikond75 ~ 4151567466,
2018-09-02 22:32 ~ meioastyle ~ 8489692076,
2018-09-02 22:34 ~ jioogdok ~ 1368760129,
2018-09-03 18:55 ~ sdruahiphop ~ 3295864077,
2018-09-03 18:58 ~ sammad061904 ~ 2230355593,
2018-09-03 19:00 ~ neknes_anek ~ 288957193,
2018-09-03 19:00 ~ giovannigianfreda ~ 373717079,
2018-09-03 19:01 ~ kingroderiqq ~ 2112640608,
2018-09-03 19:01 ~ bicardozo ~ 478477573,
2018-09-03 19:04 ~ luis.bachert ~ 1613447657,
2018-09-03 19:04 ~ alim_brain ~ 2234270334,
2018-09-03 19:06 ~ its_ur_different_simar ~ 4606974182,
2018-09-03 19:08 ~ juliabscn ~ 322566229,
2018-09-03 19:08 ~ basketbollzoom ~ 8511463057,
2018-09-03 19:11 ~ tragicallyperfect ~ 2057855801,
2018-09-03 19:11 ~ little_boy_blue_2_16 ~ 6819495714,
2018-09-03 19:12 ~ n_busuioc ~ 417374940,
2018-09-03 19:13 ~ ralf_noack_holzkunst ~ 2901728775,
2018-09-03 21:25 ~ kxnglolo.23 ~ 1597820187,
2018-09-03 21:27 ~ _ur__worst__nightmare__ ~ 3280052977,
2018-09-03 21:28 ~ hasan_reza_mitul ~ 5765750411,
2018-09-03 21:30 ~ marjory_group ~ 4371539275,
2018-09-03 21:32 ~ noisebusters_official ~ 6693306009,
2018-09-03 21:33 ~ akmodibe ~ 5790589584,
2018-09-03 21:33 ~ joabson_farley ~ 4344213829,
2018-09-03 21:34 ~ hugo_lecellier ~ 4335433351,
2018-09-03 21:37 ~ camillaugelli_ ~ 2107339811,
2018-09-03 21:38 ~ shor.ty_r ~ 5660116485,
2018-09-03 21:39 ~ achrafbeggar ~ 1512038534,
2018-09-03 21:40 ~ xiaokai7_07 ~ 3949262449,
2018-09-03 21:41 ~ f.pighi ~ 2314332883,
2018-09-03 21:42 ~ thuy_linhss ~ 2237905487,
2018-09-03 21:44 ~ canttellmenun ~ 1338715665,
2018-09-03 21:46 ~ micycleclarke ~ 294648283,
2018-09-03 21:46 ~ sndalljenner ~ 1366602690,
2018-09-05 00:29 ~ galindo_mimi ~ 6685463915,
2018-09-05 00:31 ~ a_d_ll_h_m_j_d ~ 1482806065,
2018-09-05 00:32 ~ _santoslx_ ~ 6847928686,
2018-09-05 00:32 ~ x.lillo ~ 1062553641,
2018-09-05 00:34 ~ fabrice.hug ~ 7737858307,
2018-09-05 00:34 ~ futur.city ~ 2890443241,
2018-09-05 00:36 ~ alfonso__ruotolo ~ 2439249060,
2018-09-05 00:40 ~ 1freshscobar ~ 1249043607,
2018-09-05 00:40 ~ wassimtangerino ~ 3928444393,
2018-09-05 00:40 ~ moh_dalton ~ 7608511291,
2018-09-05 00:42 ~ cano_cano46 ~ 2345577847,
2018-09-05 00:43 ~ olevishal ~ 255977161,
2018-09-05 00:44 ~ oni_tha_senpai ~ 216587638,
2018-09-05 00:46 ~ ilhamedrian ~ 7387454451,
2018-09-05 00:48 ~ alfahlroy ~ 2136420511,
2018-09-05 00:48 ~ mr.magii ~ 1001374343,
2018-09-05 00:50 ~ tulio.am ~ 6198559016,
2018-09-05 00:51 ~ thatahzinha_gomes ~ 1725250028,
2018-09-05 00:52 ~ arutaphoto ~ 1699433415,
2018-09-05 02:37 ~ igor.pol1k ~ 561981500,
2018-09-05 02:37 ~ omar_58_38 ~ 1564986911,
2018-09-05 02:38 ~ anamarijacelic ~ 2086426168,
2018-09-05 02:42 ~ jay.e___ ~ 2221002278,
2018-09-05 02:45 ~ someblackguy360 ~ 3103388881,
2018-09-05 02:45 ~ m.iven_ece5858 ~ 6845724625,
2018-09-05 02:47 ~ laudia304 ~ 7516071561,
2018-09-05 02:47 ~ mrtnv55 ~ 1594784562,
2018-09-05 02:49 ~ superiorjapan ~ 5991339282,
2018-09-05 02:49 ~ vudogalpaulina ~ 6786743174,
2018-09-05 02:54 ~ nninka.w ~ 2019092150,
2018-09-05 02:56 ~ renaud_renaud_ ~ 6311527034,
2018-09-05 02:56 ~ eminem.em.27 ~ 4714818590,
2018-09-05 02:56 ~ omar_alhamdy9 ~ 3955928075,
2018-09-05 03:18 ~ tati_slaviero ~ 404589096,
2018-09-05 03:18 ~ eriickcarllos ~ 6146371533,
2018-09-05 03:19 ~ flyhiferrari ~ 1558106354,
2018-09-05 03:20 ~ yurilu10 ~ 2241803526,
2018-09-05 03:20 ~ waomeow ~ 4703696106,
2018-09-05 03:27 ~ marshgood ~ 1621327255,
2018-09-05 03:29 ~ pedro_ruiz083 ~ 3314904404,
2018-09-05 03:29 ~ 28mb11 ~ 4335214742,
2018-09-05 03:32 ~ mohamed_saad.00_00_00 ~ 6951817398,
2018-09-05 03:33 ~ _dimassst ~ 6347043304,
2018-09-05 03:34 ~ goldcoastkidsinc ~ 272954802,
2018-09-05 03:34 ~ _oo_pascal_oo_ ~ 2400110271,
2018-09-05 03:35 ~ masonseabury ~ 239108514,
2018-09-05 03:35 ~ ali_zadran_ ~ 6346820616,
2018-09-05 03:38 ~ inigoalberts ~ 1978823341,
2018-09-05 03:40 ~ lexnxv ~ 5438541867,
2018-09-05 03:43 ~ bttlc ~ 5556606764,
2018-09-05 18:52 ~ mehdi_essalih ~ 5571944405,
2018-09-05 18:52 ~ _v_a_s_i_l_y_e_v ~ 6428667931,
2018-09-05 18:56 ~ antonella.cantarini ~ 5749004011,
2018-09-05 18:57 ~ ishitaa.nardi ~ 5545109937,
2018-09-05 18:57 ~ gloriagaione_ ~ 1283441172,
2018-09-05 18:58 ~ aamwayys ~ 630240249,
2018-09-05 18:59 ~ nguyen__hn ~ 5647808439,
2018-09-05 19:00 ~ kristal_111 ~ 3181696889,
2018-09-05 19:02 ~ thats_ata ~ 5453814204,
2018-09-05 19:07 ~ alexis_mandalas ~ 3467345056,
2018-09-05 19:10 ~ yaipharembaningombam ~ 5927791477,
2018-09-05 19:11 ~ cunhaeurico_13 ~ 3676063456,
2018-09-05 19:12 ~ amandahabicht ~ 334322927,
2018-09-05 19:15 ~ mr.matteoricci.art ~ 232213456,
2018-09-05 19:26 ~ deep.austin ~ 6041845159,
2018-09-05 19:27 ~ _ennkit_ ~ 4312013284,
2018-09-05 19:27 ~ bashayyer_h ~ 342142909,
2018-09-05 19:28 ~ lovelynudijr_ ~ 3639248211,
2018-09-05 19:30 ~ baraa_bibars ~ 1755159528,
2018-09-05 19:35 ~ giselle_santana___ ~ 3558174902,
2018-09-05 19:36 ~ aldousmoriarty ~ 517706058,
2018-09-05 19:37 ~ daigual0 ~ 1077562763,
2018-09-05 19:39 ~ nurquhart28 ~ 831524337,
2018-09-05 19:40 ~ luiz.thuler ~ 6760411165,
2018-09-05 19:41 ~ gd_simjuhung ~ 2067358595,
2018-09-05 19:42 ~ paul_smith007 ~ 1659395343,
